{"location_x":2.9900007247924806,"location_y":1.1400002241134644,"level":1,"stats_health":40,"stats_level":60,"score":0}
